chunk,source_path,page
"Medicine 
Definition:​
 Medicine is the science and practice of diagnosing, treating, and preventing disease and 
injury, as well as maintaining and promoting overall health. It encompasses a wide ran",/app/rags/papers/data/medicine.pdf,1
"a wide range of 
healthcare practices developed to preserve and restore human and animal health through 
prevention, diagnosis, treatment, and rehabilitation. 
History:​
 The practice of medicine date",/app/rags/papers/data/medicine.pdf,1
"icine dates back thousands of years. Early medical practices were often 
intertwined with religion, magic, and herbal remedies. Ancient civilizations, such as those in 
Egypt, Mesopotamia, India, Chin",/app/rags/papers/data/medicine.pdf,1
"ndia, China, and Greece, contributed foundational knowledge in 
anatomy, pharmacology, and surgery. Hippocrates, often called the “Father of Medicine,” 
emphasized systematic observation and ethics in",/app/rags/papers/data/medicine.pdf,1
" ethics in clinical practice, laying the groundwork for 
modern medical ethics. 
Branches of Medicine: 
1.​ Clinical Medicine: Focuses on patient care, diagnosis, and treatment. Includes 
specialties ",/app/rags/papers/data/medicine.pdf,1
"ecialties such as internal medicine, pediatrics, surgery, psychiatry, and emergency 
medicine.​
 
2.​ Preventive Medicine: Aims to prevent disease through vaccination, health 
education, lifestyle int",/app/rags/papers/data/medicine.pdf,1
"estyle interventions, and public health initiatives.​
 
3.​ Pharmacology: The study of drugs, their effects on the body, and their therapeutic 
applications.​
 
4.​ Surgery: The branch of medicine inv",/app/rags/papers/data/medicine.pdf,1
"dicine involving operative procedures to repair, remove, 
or replace damaged tissue or organs.​
 
5.​ Pathology: The study of disease processes, including their causes, mechanisms, 
and effects on the",/app/rags/papers/data/medicine.pdf,1
"cts on the body.​
 
6.​ Medical Research: Involves investigating the underlying mechanisms of diseases, 
testing new treatments, and developing innovative therapies.​
 
Medical Practices and Tools:​
 ",/app/rags/papers/data/medicine.pdf,1
" Tools:​
 Modern medicine relies on a combination of clinical evaluation, diagnostic tests, imaging 
techniques, and laboratory analyses to guide treatment. Common tools include 
stethoscopes, surgica",/app/rags/papers/data/medicine.pdf,1
"s, surgical instruments, imaging devices (like X-rays, MRI, and CT scans), and 
laboratory equipment for blood, tissue, and genetic analysis. 
Modern Advances:​
 The 20th and 21st centuries have seen ",/app/rags/papers/data/medicine.pdf,1
"have seen remarkable progress in medicine, including 
antibiotics, vaccines, organ transplantation, minimally invasive surgery, precision medicine, 
",/app/rags/papers/data/medicine.pdf,1
"and biotechnology. The rise of digital health, telemedicine, and artificial intelligence has 
further revolutionized diagnosis, treatment, and patient monitoring. 
Ethics in Medicine:​
 Medical practi",/app/rags/papers/data/medicine.pdf,2
"cal practice is guided by ethical principles, including respect for patient autonomy, 
beneficence (acting in the patient’s best interest), non-maleficence (avoiding harm), and 
justice (fair distribu",/app/rags/papers/data/medicine.pdf,2
"r distribution of healthcare resources). Ethical considerations are critical in areas 
such as end-of-life care, genetic testing, clinical trials, and the allocation of scarce medical 
resources. 
Con",/app/rags/papers/data/medicine.pdf,2
"rces. 
Conclusion:​
 Medicine is a dynamic and evolving field that bridges science, technology, and human 
compassion. Its ultimate goal is to improve the quality and longevity of life, prevent diseas",/app/rags/papers/data/medicine.pdf,2
"ent disease, 
and alleviate suffering through continuous learning, research, and clinical practice. 
 
",/app/rags/papers/data/medicine.pdf,2
